{
  "IcoMoonType": "selection",
  "icons": [
    {
      "icon": {
        "paths": [
          "M1024 608l-192-192v-288h-128v160l-192-192-512 512v32h128v320h320v-192h128v192h320v-320h128z"
        ],
        "tags": [
          "home",
          "house"
        ],
        "defaultCode": 59650,
        "grid": 16,
        "attrs": []
      },
      "attrs": [],
      "properties": {
        "ligatures": "home3, house3",
        "name": "home",
        "order": 8,
        "id": 3,
        "prevSize": 32,
        "code": 59650
      },
      "setIdx": 0,
      "setId": 1,
      "iconIdx": 2
    },
    {
      "icon": {
        "paths": [
          "M976 0h-384c-26.4 0-63.274 15.274-81.942 33.942l-476.116 476.116c-18.668 18.668-18.668 49.214 0 67.882l412.118 412.118c18.668 18.668 49.214 18.668 67.882 0l476.118-476.118c18.666-18.666 33.94-55.54 33.94-81.94v-384c0-26.4-21.6-48-48-48zM736 384c-53.020 0-96-42.98-96-96s42.98-96 96-96 96 42.98 96 96-42.98 96-96 96z"
        ],
        "tags": [
          "price-tag"
        ],
        "defaultCode": 59701,
        "grid": 16,
        "attrs": []
      },
      "attrs": [],
      "properties": {
        "ligatures": "price-tag",
        "name": "price",
        "order": 11,
        "id": 54,
        "prevSize": 32,
        "code": 59701
      },
      "setIdx": 0,
      "setId": 1,
      "iconIdx": 53
    },
    {
      "icon": {
        "width": 1280,
        "paths": [
          "M1232 0h-384c-26.4 0-63.274 15.274-81.942 33.942l-476.116 476.116c-18.668 18.668-18.668 49.214 0 67.882l412.118 412.118c18.668 18.668 49.214 18.668 67.882 0l476.118-476.118c18.666-18.666 33.94-55.54 33.94-81.94v-384c0-26.4-21.6-48-48-48zM992 384c-53.020 0-96-42.98-96-96s42.98-96 96-96 96 42.98 96 96-42.98 96-96 96z",
          "M128 544l544-544h-80c-26.4 0-63.274 15.274-81.942 33.942l-476.116 476.116c-18.668 18.668-18.668 49.214 0 67.882l412.118 412.118c18.668 18.668 49.214 18.668 67.882 0l30.058-30.058-416-416z"
        ],
        "tags": [
          "price-tags"
        ],
        "defaultCode": 59702,
        "grid": 16,
        "attrs": []
      },
      "attrs": [],
      "properties": {
        "ligatures": "price-tags",
        "name": "price-seller",
        "order": 9,
        "id": 55,
        "prevSize": 32,
        "code": 59702
      },
      "setIdx": 0,
      "setId": 1,
      "iconIdx": 54
    },
    {
      "icon": {
        "paths": [
          "M704 640c-64 64-64 128-128 128s-128-64-192-128-128-128-128-192 64-64 128-128-128-256-192-256-192 192-192 192c0 128 131.5 387.5 256 512s384 256 512 256c0 0 192-128 192-192s-192-256-256-192z"
        ],
        "tags": [
          "phone",
          "telephone",
          "contact",
          "support",
          "call"
        ],
        "defaultCode": 59714,
        "grid": 16,
        "attrs": []
      },
      "attrs": [],
      "properties": {
        "ligatures": "phone, telephone",
        "name": "phone",
        "order": 7,
        "id": 67,
        "prevSize": 32,
        "code": 59714
      },
      "setIdx": 0,
      "setId": 1,
      "iconIdx": 66
    },
    {
      "icon": {
        "paths": [
          "M928 128h-832c-52.8 0-96 43.2-96 96v640c0 52.8 43.2 96 96 96h832c52.8 0 96-43.2 96-96v-640c0-52.8-43.2-96-96-96zM398.74 550.372l-270.74 210.892v-501.642l270.74 290.75zM176.38 256h671.24l-335.62 252-335.62-252zM409.288 561.698l102.712 110.302 102.71-110.302 210.554 270.302h-626.528l210.552-270.302zM625.26 550.372l270.74-290.75v501.642l-270.74-210.892z"
        ],
        "tags": [
          "envelop",
          "mail",
          "email",
          "contact",
          "letter"
        ],
        "defaultCode": 59717,
        "grid": 16,
        "attrs": []
      },
      "attrs": [],
      "properties": {
        "ligatures": "envelop, mail",
        "name": "envelop",
        "order": 10,
        "id": 70,
        "prevSize": 32,
        "code": 59717
      },
      "setIdx": 0,
      "setId": 1,
      "iconIdx": 69
    },
    {
      "icon": {
        "paths": [
          "M658.744 749.256l-210.744-210.746v-282.51h128v229.49l173.256 173.254zM512 0c-282.77 0-512 229.23-512 512s229.23 512 512 512 512-229.23 512-512-229.23-512-512-512zM512 896c-212.078 0-384-171.922-384-384s171.922-384 384-384c212.078 0 384 171.922 384 384s-171.922 384-384 384z"
        ],
        "tags": [
          "clock",
          "time",
          "schedule"
        ],
        "defaultCode": 59726,
        "grid": 16,
        "attrs": []
      },
      "attrs": [],
      "properties": {
        "ligatures": "clock, time2",
        "name": "clock",
        "order": 6,
        "id": 79,
        "prevSize": 32,
        "code": 59726
      },
      "setIdx": 0,
      "setId": 1,
      "iconIdx": 78
    },
    {
      "icon": {
        "paths": [
          "M704 64l-320 320h-192l-192 256c0 0 203.416-56.652 322.066-30.084l-322.066 414.084 421.902-328.144c58.838 134.654-37.902 328.144-37.902 328.144l256-192v-192l320-320 64-320-320 64z"
        ],
        "tags": [
          "rocket",
          "jet",
          "speed",
          "spaceship",
          "fast"
        ],
        "defaultCode": 59813,
        "grid": 16,
        "attrs": []
      },
      "attrs": [],
      "properties": {
        "ligatures": "rocket, jet",
        "name": "rocket",
        "order": 12,
        "id": 166,
        "prevSize": 32,
        "code": 59813
      },
      "setIdx": 0,
      "setId": 1,
      "iconIdx": 165
    },
    {
      "icon": {
        "paths": [
          "M1024 576l-128-256h-192v-128c0-35.2-28.8-64-64-64h-576c-35.2 0-64 28.8-64 64v512l64 64h81.166c-10.898 18.832-17.166 40.678-17.166 64 0 70.692 57.308 128 128 128s128-57.308 128-128c0-23.322-6.268-45.168-17.166-64h354.334c-10.898 18.832-17.168 40.678-17.168 64 0 70.692 57.308 128 128 128s128-57.308 128-128c0-23.322-6.27-45.168-17.168-64h81.168v-192zM704 576v-192h132.668l96 192h-228.668z"
        ],
        "tags": [
          "truck",
          "transit",
          "transport",
          "delivery",
          "vehicle"
        ],
        "defaultCode": 59824,
        "grid": 16,
        "attrs": []
      },
      "attrs": [],
      "properties": {
        "ligatures": "truck, transit",
        "name": "truck",
        "order": 13,
        "id": 177,
        "prevSize": 32,
        "code": 59824
      },
      "setIdx": 0,
      "setId": 1,
      "iconIdx": 176
    },
    {
      "icon": {
        "paths": [
          "M384 0l-384 512h384l-256 512 896-640h-512l384-384z"
        ],
        "tags": [
          "power",
          "lightning",
          "bolt",
          "electricity"
        ],
        "defaultCode": 59829,
        "grid": 16,
        "attrs": []
      },
      "attrs": [],
      "properties": {
        "ligatures": "power, lightning",
        "name": "power",
        "order": 14,
        "id": 182,
        "prevSize": 32,
        "code": 59829
      },
      "setIdx": 0,
      "setId": 1,
      "iconIdx": 181
    },
    {
      "icon": {
        "paths": [
          "M64 192h896v192h-896zM64 448h896v192h-896zM64 704h896v192h-896z"
        ],
        "tags": [
          "menu",
          "list",
          "options",
          "lines",
          "hamburger"
        ],
        "defaultCode": 59837,
        "grid": 16,
        "attrs": []
      },
      "attrs": [],
      "properties": {
        "ligatures": "menu, list3",
        "name": "menu",
        "order": 3,
        "id": 190,
        "prevSize": 32,
        "code": 59837
      },
      "setIdx": 0,
      "setId": 1,
      "iconIdx": 189
    },
    {
      "icon": {
        "paths": [
          "M512 0c-282.77 0-512 229.23-512 512s229.23 512 512 512 512-229.23 512-512-229.23-512-512-512zM512 928c-229.75 0-416-186.25-416-416s186.25-416 416-416 416 186.25 416 416-186.25 416-416 416z",
          "M672 256l-160 160-160-160-96 96 160 160-160 160 96 96 160-160 160 160 96-96-160-160 160-160z"
        ],
        "tags": [
          "cancel-circle",
          "close",
          "remove",
          "delete"
        ],
        "defaultCode": 59917,
        "grid": 16,
        "attrs": []
      },
      "attrs": [],
      "properties": {
        "ligatures": "cancel-circle, close",
        "name": "close",
        "order": 2,
        "id": 270,
        "prevSize": 32,
        "code": 59917
      },
      "setIdx": 0,
      "setId": 1,
      "iconIdx": 269
    }
  ],
  "height": 1024,
  "metadata": {
    "name": "icomoon"
  },
  "preferences": {
    "showGlyphs": true,
    "showQuickUse": true,
    "showQuickUse2": true,
    "showSVGs": true,
    "fontPref": {
      "prefix": "icon-",
      "metadata": {
        "fontFamily": "icomoon"
      },
      "metrics": {
        "emSize": 1024,
        "baseline": 6.25,
        "whitespace": 50
      },
      "embed": false
    },
    "imagePref": {
      "prefix": "icon-",
      "png": true,
      "useClassSelector": true,
      "color": 0,
      "bgColor": 16777215,
      "classSelector": ".icon"
    },
    "historySize": 100,
    "showCodes": true,
    "gridSize": 16
  }
}